,name,average_rating,user,user_rating,comment,url,target
0,피오니홍대점,3.8,iiillii11,4.0,처음 딸기케이크먹었을때 충격이 아직도 기억나요! 지금도 여전히 맛있네요~,https://place.map.kakao.com/26235884,1
1,피오니홍대점,3.8,정재훈,5.0,존맛 개추,https://place.map.kakao.com/26235884,1
2,피오니홍대점,3.8,희야,5.0,역시 딸기는 다 옳아 딸기케이크 최고로 맛있어요,https://place.map.kakao.com/26235884,1
3,피오니홍대점,3.8,mfirst75,5.0,딸기 넘 좋아요 맛있어요 사장님 친절하셔서 좋았어요,https://place.map.kakao.com/26235884,1
4,피오니홍대점,3.8,스벅점검,5.0,딸기케이크랑 커피가 무난함 한시간 먹고 나오기 좋음,https://place.map.kakao.com/26235884,1
5,피오니홍대점,3.8,챰,4.0,,https://place.map.kakao.com/26235884,1
6,피오니홍대점,3.8,깐,4.0,무난한 케이크맛. 개핵존맛까진 아님,https://place.map.kakao.com/26235884,1
7,피오니홍대점,3.8,리뷰하는사람,5.0,너무 맛있고 제가 개인적으로 단 디저트를 싫어하는데 초코 케이크인데도 안 달고 맛있었어요! ㅠㅠ무엇보다.. 커피먹다가 다 흘렸는데 ㅠㅠ 와서 직접 닦아주시고ㅠㅠ 새롭게 리필해주심! 감사해요 ㅠㅡㅠ,https://place.map.kakao.com/26235884,1
8,피오니홍대점,3.8,qqq,4.0,홍대 케이크 하면 피오니! 요즘 너무 맛난 케이크집 많아서 상향평준화 되었네용.. 무난무난 갈 만한 곳입니다!,https://place.map.kakao.com/26235884,1
9,피오니홍대점,3.8,뿡,4.0,맛있어욤 개인적으로는 일반 생일초 밖에 없어서 아쉬웠음 이쁜초도 같이 팔았으면 좋았을거같음,https://place.map.kakao.com/26235884,1
10,피오니홍대점,3.8,따봉도치야고마워,5.0,아 케이크 맛집인데 나만알고싶다 진짜...,https://place.map.kakao.com/26235884,1
11,피오니홍대점,3.8,ㅎㅇ,5.0,변함없이 맛있는데요즘엔 이정도로 만드는 가게 많이 생긴듯그래도 종종 들리는 피오니,https://place.map.kakao.com/26235884,1
12,피오니홍대점,3.8,차민호,4.0,중요한 날마다 딸기 생크림 홀케이크 포장해가는데 맛있어용 :),https://place.map.kakao.com/26235884,1
13,피오니홍대점,3.8,k,3.0,기대를 많이 해서 그런지 근처에 맛있는곳이 많아서 그런지 케이크는 직접 만든 맛보다는 제품느낌 나고 생각보다 엄청 작아서 ㅋㅋ 그닥이였어요다른분들 사진 보니 제가 먹은 케이크는 좀 오래 보관해놨거나 냉동딸기나 작은 딸기조각만 써서 별로였던것 같기도 하네요 암튼 기대 이하음료는 샷 쓰는 매장이 아니라 그런지 슴슴한 맛 좋아하는 제 기준으론 평타치는 정도였어요. 테이블 간격은 좁고 주문받는 직원이 조금 불친절해요즐겨찾기 해놨던거 취소함 재방문은 안할듯~!,https://place.map.kakao.com/26235884,0
14,피오니홍대점,3.8,맨듀,2.0,케이크는 먹을 만하나 커피나 음료 종류 창렬,https://place.map.kakao.com/26235884,0
15,피오니홍대점,3.8,얍,3.0,유명하다는 딸기케익 먹었는데 요즘 워낙 맛있는 디저트 카페가 많아서 그런지 다른 곳에 비해 특별하다는 느낌은 없네요ㅠ,https://place.map.kakao.com/26235884,0
16,피오니홍대점,3.8,bellissa,4.0,여기는 케익 맛집 자리가 쫌 불편하긴해요,https://place.map.kakao.com/26235884,1
17,피오니홍대점,3.8,쿠로미 노트,4.0,,https://place.map.kakao.com/26235884,1
18,피오니홍대점,3.8,버터넛,4.0,케익 맛있어요,https://place.map.kakao.com/26235884,1
19,피오니홍대점,3.8,로랑,4.0,맛있지만.. 케익이 점점 작아져요ㅠㅠㅠㅠ,https://place.map.kakao.com/26235884,1
20,피오니홍대점,3.8,유정수,3.0,,https://place.map.kakao.com/26235884,0
21,피오니홍대점,3.8,김모요,1.0,케이크 개맛없어짐,https://place.map.kakao.com/26235884,0
22,피오니홍대점,3.8,팟드랏슈,3.0,어쩌다 홍대 관광명소가 됐는데 웨이팅해서 고생하지말고 테이크아웃 해서 드세오 딸기빙수는 달고 달아서 그닥.. 그냥 한번 먹어봤다에 의의를 둠. 케익이 간판인 만큼 케익이 그나마 괜찮음,https://place.map.kakao.com/26235884,0
23,피오니홍대점,3.8,cheez,1.0,"하도 유명해서 딸기케이크 먹었는데 크림이 너무 별로였다.. 한입 먹으면 입안이 미끌거리는 크림이라 느끼하고, 딸기도 그렇게 맛있는지 잘 모르겠고 시트도 그닥.. 요즘 딸기 케이크 더 잘하는 곳이 많아서 재방문은 하지 않을 듯그리고 전화받은 점원분 너무 불친절함",https://place.map.kakao.com/26235884,0
24,피오니홍대점,3.8,먹을복터졌어용,3.0,"빙수 그냥 그런 ,,, 케이크는 맛나용",https://place.map.kakao.com/26235884,0
25,피오니홍대점,3.8,.,3.0,총 세번 방문 처음 먹었을때 정말 맛있었고 두번째는 처음보단 덜 했고 세번째는 크림맛이 확 달랐음 처음과 세번째 크림맛이 같은집이 맞나싶게 달라서 재방문할지 모르겠음 멀리살아서 어쩌다 한번식 들리는데 크림맛이 또 다르면 세드...,https://place.map.kakao.com/26235884,0
26,피오니홍대점,3.8,Sergei x 2,5.0,딸기생크림케이크 근본,https://place.map.kakao.com/26235884,1
27,피오니홍대점,3.8,김규석,5.0,우유맛 생크림? 좋아하시면 추천해용,https://place.map.kakao.com/26235884,1
28,피오니홍대점,3.8,NEVER,5.0,인생 딸기케이크 🍓  맛있어요,https://place.map.kakao.com/26235884,1
29,피오니홍대점,3.8,유진,1.0,딸기빙수 먹었는데 맛은 있었어요. 근데 딸기 토핑이 적어서 가격 대비 비싸다고 생각합니다. 근데 직접 방문해서야 매장을 1시간만 이용할 수 있는 걸 알게 되었어요;; 남자사장님은 저희가 1시간 조금 넘겨서 나갔다고(그것도 3분밖에 안 지났는데ㅋㅋ) 손님이 먼저 인사했는데 받아주지도 않네요. 저희 나가자마자 짜증나는 표정으로 직원한테 빨리 치우라고 손가락질 하는 거 보고 어이가 없었음 장사 그렇게 하지 마세요...  다시는 방문할 일 없음,https://place.map.kakao.com/26235884,0
30,피오니홍대점,3.8,후후,1.0,빙수에 우유만 잔뜩 토핑 없고 딸기양도 가격대비 많이 부족하네요 가격이 저렴한 것도 아닌데 웨이팅이 없어도 무조건 1시간 안에 나가라고 재촉하는 시스템을 왜 고수하시는건지 모르겠습니다나갈 때 손님이 먼저 인사해도 다 무시하고 모르는 척 하시는 거 보고 다시는 안 가야겠다고 느꼈습니다..,https://place.map.kakao.com/26235884,0
31,피오니홍대점,3.8,햄스터,5.0,굿 햄,https://place.map.kakao.com/26235884,1
32,피오니홍대점,3.8,감자,5.0,빙수랑 케이크 별로 안 좋아하는데 여기 빙수랑 케이크 먹어보고 맛있다고 첨 생각함빙수얼음이랑 생크림이 맛있다고 느낀건 첨이에요 갔을 때 딱 웨이팅 없어서 바로 들어가서 맛있게 먹었어요 홍대 갈 때 자주 갈 거 같아요!!,https://place.map.kakao.com/26235884,1
33,피오니홍대점,3.8,승희,5.0,,https://place.map.kakao.com/26235884,1
34,피오니홍대점,3.8,송희영,2.0,머리 풀어헤친 직원이 맨손으로 케익꺼내서 포장해줌 위생이 의심된다,https://place.map.kakao.com/26235884,0
35,피오니홍대점,3.8,이은총,5.0,딸기케이크,https://place.map.kakao.com/26235884,1
36,피오니홍대점,3.8,맛있거나 맛없거나 보통이거나,3.0,왜 먹을때마다 크림 맛이 달라지나요ㅠㅠ,https://place.map.kakao.com/26235884,0
37,피오니홍대점,3.8,어이무~,3.0,피오니 케이크 맛보고 반해서 예전부터 자주이용하다 타지역으로 이사가면서 올만에 지인들에게 추천을하며 먹어보라고 해서 최근에 큰맘먹고 선물용으로 대량구매하구 왔는데 예전부터 아쉬움이 딱하나잇어요케익지지대라고해야되나 그게없어서 일부러그러는게 아니지만 케익이 흔들어재껴지거나 그러면 쏠려서 모양이 망가지네요ㅜㅜ좀 이쁘게 선물해주고싶은데 화나요 다묻어있고 그것좀개선됫음좋겠네요,https://place.map.kakao.com/26235884,0
38,피오니홍대점,3.8,탐하다,5.0,,https://place.map.kakao.com/26235884,1
39,피오니홍대점,3.8,0%,5.0,홍대 딸기케익 명불허전 맞습니다 맛있어요,https://place.map.kakao.com/26235884,1
40,피오니홍대점,3.8,냥아치,5.0,추파추스 찐핑크 딸기맛 극혐하는 1인그래서 카페에서 딸기주스 안사먹음대부분의 카페에서 생과일 주스라고 해도 다 딸기시럽 많이 넣어서 그 추파추스 맛나서 못먹겠음근데 딸기는 정말 좋아함시럽맛 안나고 진짜 딸기맛 주스를 찾고있었는데그게 바로 여기에요.. 여기 딸기주스 진짜 대존맛 !! 나도 딸기주스 사먹을 카페가 생겼다>_<,https://place.map.kakao.com/26235884,1
41,피오니홍대점,3.8,식식우식,5.0,딸기케익 맛있어요ㅠㅠ 맛도좋고 보기도 좋고 ㅎㅎㅎ,https://place.map.kakao.com/26235884,1
42,피오니홍대점,3.8,린유라,5.0,딸기와 생크림조합 너무 좋아라하는데 이쁘고 맛잇어요ㅎ,https://place.map.kakao.com/26235884,1
43,피오니홍대점,3.8,썬,5.0,케익 넘 이쁘고 맛잇어요 가격도 좋고 디저트 잘먹고가요,https://place.map.kakao.com/26235884,1
44,피오니홍대점,3.8,꼼꼼이,4.0,여기는 케익이 진짜 맛있어요,https://place.map.kakao.com/26235884,1
45,피오니홍대점,3.8,빡세,5.0,딸기케익 진짜 맛있네요:),https://place.map.kakao.com/26235884,1
46,피오니홍대점,3.8,하얀로빈,5.0,딸기케익 존맛탱 ㅠㅜ ♡♡♡,https://place.map.kakao.com/26235884,1
47,피오니홍대점,3.8,이케아,1.0,"공간에 비해 알바생이 많은데 친절한 사람이 어쩜 한 명도 없네요. 포장주문도 한참 걸리고 언제 나오냐, 어디서 받아야되냐 물으니 자리에서 기다리라는 식으로 짜증스럽게 말씀하시고 불친절해서 당황스럽고 민망했음. 맛은 있으나 다신 안 가려 해요",https://place.map.kakao.com/26235884,0
48,피오니홍대점,3.8,@s2nyummy_,3.0,,https://place.map.kakao.com/26235884,0
49,피오니홍대점,3.8,미밍,1.0,"추억 소환하려고 오랜만에 방문했는데다들 왜이렇게 불친절할까요...? ㅜ,ㅠ",https://place.map.kakao.com/26235884,0
50,피오니홍대점,3.8,pjm,4.0,맛집 인정!!,https://place.map.kakao.com/26235884,1
51,피오니홍대점,3.8,지수,5.0,이사 갔어도 늘 맛있는 피오니,https://place.map.kakao.com/26235884,1
52,피오니홍대점,3.8,.,3.0,단점은 사람이 너무 많았다는 거그리고 그만큼 사람이 많을 만한 곳인지는 잘 모르겠다는 거빙수는 맛있긴한데 설*빙 겨울시즌 빙수 먹는 거랑 뭐가 다른지 잘 모르겠고요 분위기도 사람 많은 시간대에 가면 별로예요그래도 잘 먹었습니다 직원분들이 손이 빠르세요,https://place.map.kakao.com/26235884,0
53,피오니홍대점,3.8,강짹짹,3.0,맛 괜찮아요. 지나가다 사 먹을정도. 찾아가진 않을정도.,https://place.map.kakao.com/26235884,0
54,피오니홍대점,3.8,nanacon31,3.0,막 줄서서 먹을만큼은 솔직히 모르겟네요ㅎㅎ 그래도 맛있어요,https://place.map.kakao.com/26235884,0
55,피오니홍대점,3.8,이소연,5.0,,https://place.map.kakao.com/26235884,1
56,피오니홍대점,3.8,오크,4.0,커피가 맛있어요~,https://place.map.kakao.com/26235884,1
57,피오니홍대점,3.8,ㅎㅎ,4.0,,https://place.map.kakao.com/26235884,1
58,피오니홍대점,3.8,핑슐랭가이드,4.0,,https://place.map.kakao.com/26235884,1
59,피오니홍대점,3.8,야호,3.0,"예전엔 딸기케이크는 피오니가 최고라 생각했는데, 오랜만에 먹으니.. 예전 그 맛이 안났어요 ㅠㅠ 요즘엔 케이크 맛있는 곳이 워낙 많아서.. 다른 곳이 훨씬 맛있는 것 같아요",https://place.map.kakao.com/26235884,0
60,피오니홍대점,3.8,춘식이서울투어,4.0,"생크림이 좀더 듬뿍 올라가고, 시트가 더 부드러우면 더 맛있을거같다우유향이 나고 부드러운 생크림신선하고 새콤달콤한 딸기 드립커피도 꽤 괜찮은 편양에 비해 비싸지만 만족스러운 딸기케이크였다",https://place.map.kakao.com/26235884,1
61,피오니홍대점,3.8,ssk,4.0,굿굿!,https://place.map.kakao.com/26235884,1
62,피오니홍대점,3.8,Railey,4.0,맛있어요,https://place.map.kakao.com/26235884,1
63,피오니홍대점,3.8,룸붐,5.0,맛있어요,https://place.map.kakao.com/26235884,1
64,피오니홍대점,3.8,ㄷㄷㄷㅈ,1.0,진짜 유명해서 한번 먹어봄생딸기가 아니고 절임딸기한조각 6300원시트도 퍼석하고 크림은 그냥그럼이게 맛있다는 분들은 생딸기를 안드셔보셨거나 생딸기를 너무 많이 먹어서 질려서 맛있으신듯.................내 돈... 내 시간.....,https://place.map.kakao.com/26235884,0
65,피오니홍대점,3.8,그루미,4.0,soso,https://place.map.kakao.com/26235884,1
66,피오니홍대점,3.8,Gabrielle 엘리,5.0,,https://place.map.kakao.com/26235884,1
67,피오니홍대점,3.8,사실이야기,3.0,가격창렬,https://place.map.kakao.com/26235884,0
68,피오니홍대점,3.8,뀨렛,3.0,너무 기대했나싶은... 그냥 그럼,https://place.map.kakao.com/26235884,0
69,피오니홍대점,3.8,옹벽,4.0,대체적으로 맛있는데와 엄~ 청 맛있다는 아닌 ..,https://place.map.kakao.com/26235884,1
70,피오니홍대점,3.8,jjjj,1.0,"음료 잔 크기 보고 눈을 의심했어요,,^^ 손보다 작은 잔에 얼음 가득 들어있는데 음료 진짜 100미리는 들어가나요,,? 친구들이랑 갔는데 다 눈을 의심했슴다.. 그리고 남자 직원분 저한테 화나신줄 알았어여 불친절하심",https://place.map.kakao.com/26235884,0
71,피오니홍대점,3.8,멍..,5.0,여기 딸기빙수가 미쳤어요 9000원인데 진짜...저 딸기 절임? 한스푼 떠가지고 빙수랑 호로록하면 끝장나요다른거 말고 딸기빙수 꼭 드시길,https://place.map.kakao.com/26235884,1
72,피오니홍대점,3.8,.,5.0,잊을만하면 생각나는 딸기 케이크.희한하게 일년에 한두번 갈 때마다 가격이 계속 오르는걸 보며 나이듦이 실감난다...^^ 아쉬움 없는 맛보장집,https://place.map.kakao.com/26235884,1
73,피오니홍대점,3.8,강낭콩,3.0,,https://place.map.kakao.com/26235884,0
74,피오니홍대점,3.8,khmk,5.0,두조각먹었는데 세조각먹을껄,https://place.map.kakao.com/26235884,1
75,피오니홍대점,3.8,우리동네맛집,5.0,딸기케잌은 무조건 여기!,https://place.map.kakao.com/26235884,1
76,피오니홍대점,3.8,­,2.0,케이크가 하도 유명하길래 와봤는데 그냥그럼 크림 너무너무 느끼해서 이 한입짜리 조각 하나도 다 못먹을뻔 딸기주스는 맛있음,https://place.map.kakao.com/26235884,0
77,피오니홍대점,3.8,비판자,3.0,,https://place.map.kakao.com/26235884,0
78,피오니홍대점,3.8,욜로리리리,5.0,,https://place.map.kakao.com/26235884,1
79,피오니홍대점,3.8,.,4.0,,https://place.map.kakao.com/26235884,1
80,피오니홍대점,3.8,맛잇는데 평점없으면 글남기는애,5.0,맛이 바껴서 별로라는 분들 많아서 걱정했는데 생각외로 넘 프레시하고 맛있었습니다ㅜㅜ제철이 아니였는데도 불구하고 딸기도 넘싱싱하고 싱그러워서 생크림이랑 잘맞는 맛이더라구용!!피오니하면 딸기케익!하는이유가 뭔지 깨닫고 갑니다..!,https://place.map.kakao.com/26235884,1
81,피오니홍대점,3.8,han,4.0,딸기빙수랑 딸기 케이크가 맛있어요! 커피나 타음료는 그냥 평범함. 개인적으론 빙수 존맛. 근데 사람이 너무 많아서(대기자도 있고..) 눈치 보여요.,https://place.map.kakao.com/26235884,1
82,피오니홍대점,3.8,ㅇ,5.0,맛있어요 빙수 케이크 모두 맛있는데 살짝 비싼감 없지 않네요,https://place.map.kakao.com/26235884,1
83,피오니홍대점,3.8,최,4.0,,https://place.map.kakao.com/26235884,1
84,피오니홍대점,3.8,미쏘,4.0,저는 생각보다 쏘쏘 했던 곳이에요,https://place.map.kakao.com/26235884,1
85,피오니홍대점,3.8,유디,3.0,크림이 식물성크림인지 입속에 자꾸 기름끼고 느끼해요…실망…,https://place.map.kakao.com/26235884,0
86,피오니홍대점,3.8,냠냠이,4.0,8년 전에는 우유크림이 불호였는데8년 후 다시 먹어보니 맛있네늙으니 입맛도 변하나보다별점 올려서 수정함,https://place.map.kakao.com/26235884,1
87,피오니홍대점,3.8,linijil,5.0,알바가 잘생김2호점 알바도 잘생김초코케이크 - 안 달아서 좋았음딸기케이크 - 우수함2조각 먹고 한판 포장해감,https://place.map.kakao.com/26235884,1
88,피오니홍대점,3.8,광고시러,3.0,케이크는 너무 맛있는데 매장에 날파리가 너무 많아서 쫓으면서 급하게 케이크 먹느라 힘들었어요,https://place.map.kakao.com/26235884,0
89,피오니홍대점,3.8,꿀꿀,4.0,,https://place.map.kakao.com/26235884,1
90,피오니홍대점,3.8,꿔꽈,5.0,딸기케이크 엄청 부드럽네요 맛있어요! 근데 1시간밖에 못 있는 건 아쉽네요,https://place.map.kakao.com/26235884,1
91,피오니홍대점,3.8,레몬트리,5.0,맛있습니다,https://place.map.kakao.com/26235884,1
92,피오니홍대점,3.8,Jen,5.0,비싸긴해두 맛은 있다,https://place.map.kakao.com/26235884,1
93,피오니홍대점,3.8,맛집알리미,5.0,존맛,https://place.map.kakao.com/26235884,1
94,피오니홍대점,3.8,구파발왕언니,4.0,솔직히 눈치가 보여서 그렇지 여기 딸기 쇼트케이크 앉은 자리에서 한 판 뚝딱 가능이에요. 여성분들 제 말이 틀렸나요?,https://place.map.kakao.com/26235884,1
95,피오니홍대점,3.8,홍아지,5.0,우리는 딸기케이크,https://place.map.kakao.com/26235884,1
96,피오니홍대점,3.8,다솜,4.0,빙수 맛집이여유,https://place.map.kakao.com/26235884,1
97,피오니홍대점,3.8,..,5.0,맛있어오ㅛ,https://place.map.kakao.com/26235884,1
98,피오니홍대점,3.8,David.Kim,5.0,여자친구가 화가 났을때 데려가줘,https://place.map.kakao.com/26235884,1
99,피오니홍대점,3.8,나를 위한 메모,3.0,빵이 너무 두꺼워서 생크림과 딸기의 비율이 생각보다 적음,https://place.map.kakao.com/26235884,0
100,피오니홍대점,3.8,xmas,2.0,"눈꽃빙수: 일반적인 눈꽃빙수의 쫄깃함은 없고 사르르 녹는 스타일이라 무게감은 가벼운쪽에 속한다.단맛은 최대한 배제했으나 양털같은 비쥬얼을 보게되면 페코짱 크림비린내를 내심 기대하다 바로 실망하게 된다. 접시에 나온 딸기고명은 시럽쩔은냉동따위는 아니고 묽은시럽에 1/5담긴 나름 신선한딸기인데 이 애매한 당도와 크림비린내빠진 눈꽃이 만나 이도저도 아닌 만족감을 주어 이것이 과연 디저트인가 하는 생각이 들게한다.  살 안찌는 느낌을 누군가는 좋아할수도 있겠으나 디저트는 음식과 차와 커피와 술과 담배가 채울수 없는 그 무언가를 채워줘야 디저트이다. 시늉만해서는 디저트가 아니다.정리해서, 단맛없으면 크림맛풍부하던가 고명없이 미니멀로가려면 딸기와우유조합 잘 맞추던가.고급진 단맛 아님. 조합 잘 않됨.",https://place.map.kakao.com/26235884,0
101,피오니홍대점,3.8,유림,4.0,좋아여,https://place.map.kakao.com/26235884,1
102,피오니홍대점,3.8,맛따녀,5.0,,https://place.map.kakao.com/26235884,1
103,피오니홍대점,3.8,<3,5.0,딸기 빙수 .. 존맛탱 ..,https://place.map.kakao.com/26235884,1
104,피오니홍대점,3.8,오호아하,3.0,,https://place.map.kakao.com/26235884,0
105,피오니홍대점,3.8,jpsohn,1.0,커피맛이 별로다  케익도 그저그렇고...,https://place.map.kakao.com/26235884,0
106,피오니홍대점,3.8,Amy,5.0,,https://place.map.kakao.com/26235884,1
107,피오니홍대점,3.8,무한도전,5.0,딸기시즌에 꼭 가야하는곳,https://place.map.kakao.com/26235884,1
108,피오니홍대점,3.8,찐러,5.0,너무맛있음...ㅠㅠ,https://place.map.kakao.com/26235884,1
109,피오니홍대점,3.8,ㅋ,5.0,딸케존맛,https://place.map.kakao.com/26235884,1
110,피오니홍대점,3.8,밍이,3.0,,https://place.map.kakao.com/26235884,0
111,피오니홍대점,3.8,냠,5.0,딸기케이크 조오오온막,https://place.map.kakao.com/26235884,1
112,피오니홍대점,3.8,모던보이,4.0,몇년만에 막어보네요~명성 그대로 여전히 맛있습니다.홍대에 자주 못와서 아쉬울 따름입니다~,https://place.map.kakao.com/26235884,1
113,피오니홍대점,3.8,방문자,4.0,나쁘지 않음,https://place.map.kakao.com/26235884,1
114,피오니홍대점,3.8,.,5.0,항상 맛있게 먹고있어요! 특히 생크림이 너무 맛있네요,https://place.map.kakao.com/26235884,1
115,피오니홍대점,3.8,woo_88,5.0,딸기빙수 진짜 맛있어요!! 먹어본데중에 젤맛있음,https://place.map.kakao.com/26235884,1
116,피오니홍대점,3.8,supernova,5.0,,https://place.map.kakao.com/26235884,1
117,피오니홍대점,3.8,뉴햄쥐,5.0,예전에는 사람들이 줄 많이 섯는데 요즘들어서 코로나 때문인지 그렇게 사람이 많지는 않네요~사람이 없어서 전 좋았어요,https://place.map.kakao.com/26235884,1
118,피오니홍대점,3.8,신유빈,4.0,좋음,https://place.map.kakao.com/26235884,1
119,피오니홍대점,3.8,브리에,4.0,10년넘게 좋아하는 케이크집이예요 요새 너무 케이크 맛집들이 많아서 예전만큼의 감동은 없지만.. ㅠㅠ 그래도 생크림딸기케이크중엔 단연 최고입니당,https://place.map.kakao.com/26235884,1
120,피오니홍대점,3.8,이서연,5.0,존마탱. 딸기 생크림 케이크는 피오니가 최고임..,https://place.map.kakao.com/26235884,1
121,피오니홍대점,3.8,채끝등심,3.0,"아주 오랜만에 갔었는데, 생크림이 예전의 맛이 아닌 것 같아서 당황스럽기도 하고, 안타깝기도 하고. 여자친구가 막 떠난 것 같기도 하고..ㅠㅠ 생크림이 예전에도 이렇게 미끄덩거렸던가 싶음. 분명히 안그랬었는데... 진하고 부드러움의 극치였는데.",https://place.map.kakao.com/26235884,0
122,피오니홍대점,3.8,김태훈,5.0,,https://place.map.kakao.com/26235884,1
123,피오니홍대점,3.8,군옥수수,4.0,가끔 여기 딸기케이크 생각나요 ㅋㅋ,https://place.map.kakao.com/26235884,1
124,피오니홍대점,3.8,거짓말못함,1.0,서비스 최악,https://place.map.kakao.com/26235884,0
125,피오니홍대점,3.8,lucky,4.0,딸기 생크림케이크 맛있어요. 가격은 좀 있구요음료는 예의상 시키는 정도..?,https://place.map.kakao.com/26235884,1
126,피오니홍대점,3.8,김오스틴,4.0,케이크 진짜 맛있어요 생크림이 안느끼함 근데 음료 별로 맛이 없어요 케이크만 드세요,https://place.map.kakao.com/26235884,1
127,피오니홍대점,3.8,케케롱,4.0,생크림케잌 유명하대서 줄서서 사먹었는데 저는 왜 사람들이 이렇게 줄까지 서가면서 먹어야되나 싶었어요..ㅎㅎ,https://place.map.kakao.com/26235884,1
128,피오니홍대점,3.8,tjsal0109,4.0,보기만해도 이쁘고 맛나보이는 케익~ 역시 맛있어요. 짱!! 다음에 또 방문 할께요~,https://place.map.kakao.com/26235884,1
129,피오니홍대점,3.8,마수술수리,5.0,맛있어요~ 케이크 안 먹으면 안 됩니다.,https://place.map.kakao.com/26235884,1
130,피오니홍대점,3.8,말티쥬,4.0,크림이 하나도 안 느끼하고 완전 깔끔해요 시트도 입에서 녹듯이 부드럽고... 그냥 맛있는 딸기케이크의 정석,https://place.map.kakao.com/26235884,1
131,피오니홍대점,3.8,몰루,3.0,,https://place.map.kakao.com/26235884,0
132,피오니홍대점,3.8,헤이,5.0,딸기생크림케이크의 진짜 진수를 맛보고프면 여기임.조각아니고 홀케이크로 1인 1판 먹어도 후회안함. 오히려 한판 더 혹은 여기가 집옆가게이길 바라게됨.,https://place.map.kakao.com/26235884,1
133,피오니홍대점,3.8,사랑이,5.0,하도 유명하대서 친구 생일날 홀케이크 주문해서 먹어봣는데 맛있네용,https://place.map.kakao.com/26235884,1
134,피오니홍대점,3.8,호잇,5.0,딸기 생크림 케잌은 피오니가 담백하고 짱임.,https://place.map.kakao.com/26235884,1
135,피오니홍대점,3.8,☄,4.0,,https://place.map.kakao.com/26235884,1
136,피오니홍대점,3.8,뇸뇸,4.0,딸기케익먹고싶을때마다옴,https://place.map.kakao.com/26235884,1
137,피오니홍대점,3.8,릐나,3.0,음 보통이에요 ㅋㅋ 근데 요즘 워낙 빙수가 비싸졌다보니 저렴한 거 땡길 때 캔모아 바이브로 오기 좋을 듯케익은 비싼편사람 많아요~,https://place.map.kakao.com/26235884,0
138,피오니홍대점,3.8,오유라,4.0,,https://place.map.kakao.com/26235884,1
139,피오니홍대점,3.8,죠르디이,5.0,딸기케이크 듣던대로 맛있었어요!,https://place.map.kakao.com/26235884,1
140,피오니홍대점,3.8,완규,4.0,"추억의 피오니,,몇년만에 먹었는데 빙수 아직도 맛있어요 ㅎㅎ",https://place.map.kakao.com/26235884,1
141,피오니홍대점,3.8,서원동날다람쥐,3.0,"15년도에 오고 5년 만에 재방문했는데 맛이 많이 변했네요 ... 크림도 좀 굳었고... 크림맛이 되게 좋았던 걸로 기억하고 있는데, 지금은 파리바게트랑 비슷하네요 ... 먹을만은 하지만 음료나 디저트 가격에 비해선 별로인듯",https://place.map.kakao.com/26235884,0
142,피오니홍대점,3.8,후힣,3.0,2012년쯤 처음 피오니 방문했을 때깨끗한 비주얼과 신선한 식감에 엄청난 충격을 받았는데오랜만에 다시 가니 예전만 못하네요...,https://place.map.kakao.com/26235884,0
143,피오니홍대점,3.8,맛집좋하,4.0,약 4년? 전에 방문하고 오랜만에 다시 갔는데오랜만에 맛있는 딸기케잌 먹어서 기분 좋았음초코치즈케잌은 꾸덕한 브라우니 맛커피맛은 그저 그렇다,https://place.map.kakao.com/26235884,1
144,피오니홍대점,3.8,두부,1.0,,https://place.map.kakao.com/26235884,0
145,피오니홍대점,3.8,정직함이튀어나와,1.0,딸기케익...너무 그냥그냥....,https://place.map.kakao.com/26235884,0
146,피오니홍대점,3.8,냠,3.0,,https://place.map.kakao.com/26235884,0
147,피오니홍대점,3.8,b,3.0,딸기 생크림 홀케잌이 16000원 하던 시절 좋아했다가 오랜만에 먹어보니 특별한 맛이 아니란걸 깨달음. 초코생크림은 동네 빵집 아무케잌 같음.,https://place.map.kakao.com/26235884,0
148,피오니홍대점,3.8,보용,3.0,마슨있는데 금방질림 다먹어본적이없음,https://place.map.kakao.com/26235884,0
149,피오니홍대점,3.8,구구,5.0,웨이팅 없었음. 그래서 그런가 만족스러움! 동물성 생크림 완전죠아,https://place.map.kakao.com/26235884,1
150,피오니홍대점,3.8,맛있구나,4.0,딸기생크림케이크 맛있다. 다 필요없고 여기는 무조건 딸기생크림이다.,https://place.map.kakao.com/26235884,1
151,피오니홍대점,3.8,민초럽,2.0,줄서서 왜먹는지 모르겠는 와정말 맛있다 라기보다는그냥 깔끔한 맛의 케이크예요좁은공간이라 테이블 다닥다닥 붙어있어요,https://place.map.kakao.com/26235884,0
152,피오니홍대점,3.8,훈훈,1.0,맛없어요 ㅠ크림맛도 빵맛도 딸기맛도 다 별로..,https://place.map.kakao.com/26235884,0
153,피오니홍대점,3.8,JJ,2.0,케이크 홀사이즈 작은거 샀는데 시트 사이에 딸기 슬라이스 몇개 안들어있네요생딸기가 많이 들어있다고 알고 있는데 아닌가 봐여,https://place.map.kakao.com/26235884,0
154,피오니홍대점,3.8,현,5.0,딸기빙수는 넘사급으로 맛있으나 케이크는 개인적으로 비추입니다 .. 빙수의 맛을 따라가지못해요 .. 항상사람이 많지만 알바생들은 친절하시고 만약 연유를 싫어하신다면 안가시는 것이 좋습니다!,https://place.map.kakao.com/26235884,1
155,피오니홍대점,3.8,유진형🥔,4.0,빙수가 맛있습니다,https://place.map.kakao.com/26235884,1
156,피오니홍대점,3.8,알리오올리오,5.0,맛있당 케이크 전부,https://place.map.kakao.com/26235884,1
157,피오니홍대점,3.8,S. Kim,5.0,딸기빙수 b,https://place.map.kakao.com/26235884,1
158,피오니홍대점,3.8,유나,5.0,딸기빙수맛있고 딸기우유개꿀맛..짱입니다,https://place.map.kakao.com/26235884,1
159,피오니홍대점,3.8,K,5.0,먹고 이야기하세요!,https://place.map.kakao.com/26235884,1
160,피오니홍대점,3.8,만두,3.0,유명하길래 가봤는데 .. 너무 기대하고 갔나봐요. 조금 아쉬움..,https://place.map.kakao.com/26235884,0
161,피오니홍대점,3.8,Sandie,3.0,케이크가 기대만큼 맛있지 않았습니다. 둘이서 한 조각 먹는데 절반 정도 먹으니 느끼하단 생각도 들었구요. 딸기주스는 맛있었습니다,https://place.map.kakao.com/26235884,0
162,피오니홍대점,3.8,혜돌,3.0,케이크는 엄~~~~~~청 맛없고(퍽퍽하고 싸구려 맛) 딸기빙수는 엄~~~~청 맛있습니다. 빙수맛집^^.....,https://place.map.kakao.com/26235884,0
163,피오니홍대점,3.8,bbo,3.0,,https://place.map.kakao.com/26235884,0
164,피오니홍대점,3.8,맛평식,2.0,,https://place.map.kakao.com/26235884,0
165,피오니홍대점,3.8,여행,4.0,"맛있어요. 맛있는데 유명세에 비해 특별하게 맛있는 건 모르겠어요. 생크림딸기케이크하면 다들 피오니라는데 대한민국 대표격인진 모르겠음. 친구나 가족들도 다들 맛있다고 만족해요. 케이크 가격은......요즘 서울 시내 케이크 가격 구석 동네라도 넘 확 올라서...케이크 한 조각에 4000원 대면 감사할지경 ㅠㅠㅋ 한 조각 7~8천 원 대인 곳이 흔함. 일본 후쿠오카 시내 유명 케이크 가게 다 가봤는데 일본이 한국보다 싸더군요 ㅠㅠ 요즘의 형태로 알려진 다쿠아즈 만든 명장이 운영하는 곳, 프랑스 장인이 하는 곳도 한국 가게들보다 쌈 ㅋㅋㅋㅋ 그만큼 울나라 임대료나 물가가 많이 비싼가보다...합니다 ㅠㅠ",https://place.map.kakao.com/26235884,1
166,피오니홍대점,3.8,.,1.0,"딸기생크림케잌말고 딴케잌은 다 별로고,그나마 맛있는 딸기생크림케잌도 먹는데 입안에 크림이 들러붙어요;;싸구려쓰시나봐요 이런퀄리티에 사람이 왜 많은지 의문",https://place.map.kakao.com/26235884,0
167,피오니홍대점,3.8,survivor,1.0,"완전 낚였네. 케잌 저게 12,600원. 파리바게트보다 맛도 없음. 한스케잌이나 먹는 게 훨 나음.",https://place.map.kakao.com/26235884,0
168,피오니홍대점,3.8,에어필립,3.0,딸기빙수 굿,https://place.map.kakao.com/26235884,0
169,피오니홍대점,3.8,🌸,1.0,페북 거품....별로 맛있지도 않아요...,https://place.map.kakao.com/26235884,0
170,피오니홍대점,3.8,쭈니쭈니,2.0,"딸기빙수는 그냥 그렇네요. 딸기절임과 연유, 눈꽃빙수가 모두 따로 노는 맛....",https://place.map.kakao.com/26235884,0
171,피오니홍대점,3.8,도선생,5.0,딸기케이크여기가 갑,https://place.map.kakao.com/26235884,1
172,피오니홍대점,3.8,초록,4.0,제가 2시반쯤에 갔을때는 웨이팅이 적었습니다. 빙수시켰는데 딸기가 계절이 계절이라서 많이 시더라고요 ㅎㅎ그래도 맛있었습니다~ 담에는 봄에 오려구요.,https://place.map.kakao.com/26235884,1
173,피오니홍대점,3.8,박민지,3.0,,https://place.map.kakao.com/26235884,0
174,피오니홍대점,3.8,고독한 탐식가,4.0,'쇼콜라윰'과 함께 홍대 앞 딸기케이크의 투탑. 신선한 생크림과 딸기의 어우러짐이 좋은 달달함이 너무 좋다.,https://place.map.kakao.com/26235884,1
175,피오니홍대점,3.8,호랭이,1.0,거품 껴서 오만함이 장난아님. 폭염인데 직원이 입구 막고 있으면 안 된다고 포장 아니면 대기리스트에 이름 적고 밖에서 기다리라고 내팽개침. 망해라,https://place.map.kakao.com/26235884,0
176,피오니홍대점,3.8,viv♥,4.0,케이크1판 클리어! 소름끼치게 맛있지는 않지만 맛있는 생크림!,https://place.map.kakao.com/26235884,1
177,피오니홍대점,3.8,장금이,3.0,,https://place.map.kakao.com/26235884,0
178,피오니홍대점,3.8,양슐랭,3.0,,https://place.map.kakao.com/26235884,0
179,피오니홍대점,3.8,공과장,3.0,가격은 오르고 딸기는 적어지고맛은 예전만 못하고...이러다가 훅 갈까 걱정이,https://place.map.kakao.com/26235884,0
180,피오니홍대점,3.8,제스트,3.0,딸기 주스는 다른데 랑  차이는 없네요동네서   먹는게 낮겠어요 ㅡ.ㅡ,https://place.map.kakao.com/26235884,0
181,피오니홍대점,3.8,jin_hyoung,5.0,,https://place.map.kakao.com/26235884,1
182,피오니홍대점,3.8,이예찬,5.0,맛있네에,https://place.map.kakao.com/26235884,1
183,피오니홍대점,3.8,ㅋㅋ,5.0,,https://place.map.kakao.com/26235884,1
184,피오니홍대점,3.8,sp,4.0,,https://place.map.kakao.com/26235884,1
185,피오니홍대점,3.8,칸탈로프,2.0,,https://place.map.kakao.com/26235884,0
186,피오니홍대점,3.8,MJay Ko 고 민정,3.0,Strawberry Whipped Cream Cake,https://place.map.kakao.com/26235884,0
187,피오니홍대점,3.8,고카소,5.0,,https://place.map.kakao.com/26235884,1
188,피오니홍대점,3.8,glutenpig,4.0,og맛집맛있으나 웨이팅&불편한자리그래도 맛있음,https://place.map.kakao.com/26235884,1
189,피오니홍대점,3.8,Z,2.0,,https://place.map.kakao.com/26235884,0
190,피오니홍대점,3.8,내가진짜쩝쩝박산데다따라하네,3.0,그냥그냥그런맛크림이나 딸기 모두 좀 아쉬워요,https://place.map.kakao.com/26235884,0
191,피오니홍대점,3.8,블블,4.0,딸기빙수금방녹아서 아쉬웡 ㅠㅜ,https://place.map.kakao.com/26235884,1
192,피오니홍대점,3.8,Choi Dong Sik,4.0,맛있네요,https://place.map.kakao.com/26235884,1
193,피오니홍대점,3.8,정진호,5.0,,https://place.map.kakao.com/26235884,1
194,피오니홍대점,3.8,ak,5.0,,https://place.map.kakao.com/26235884,1
195,피오니홍대점,3.8,현선,4.0,,https://place.map.kakao.com/26235884,1
196,피오니홍대점,3.8,그리고,5.0,먹어본 딸기 케이크중 가장 맛있었음너무 달지않지도 느끼하지도 않음,https://place.map.kakao.com/26235884,1
197,피오니홍대점,3.8,전주희,5.0,봄이라 더 맛있다,https://place.map.kakao.com/26235884,1
198,피오니홍대점,3.8,정은,5.0,딸기 생크림케익/딸기 빙수,https://place.map.kakao.com/26235884,1
